slug,municipio,zbe_existe,etiquetas_permitidas,horario_restriccion,publicacion_origen,confianza,evidencia_sin_interpretar,fuente_url,fecha_descarga,incidencias,zonas_verificadas,horario_verificado,articulo,ordenanza_nombre,ordenanza_boletin,ordenanza_url,fecha_verificacion,ficha_url
a-coruna,La Coruña,True,,00:00:00Z a 23:59:59Z,2024-09-12,oficial,"[{""restriccion"": ""noEntry"", ""negado"": true, ""distintivos_declarados"": [""0"", ""ECO"", ""C"", ""B""]}, {""restriccion"": ""noEntry"", ""negado"": true, ""distintivos_declarados"": [""0"", ""ECO"", ""C"", ""B""]}]",https://nap.dgt.es/datex2/v3/dgt/zbe/ControledZonePublication/ACoru%C3%B1a.xml,2026-09-23,"Condiciones por distintivo presentes, pero el NAP las codifica de forma inconsistente entre ayuntamientos. Requiere verificacion manual contra la ordenanza.",,Permanente. La ordenanza no fija franja horaria para el acceso general,art. 20 de la Ordenanza de Movilidad Sostenible,"Ordenanza de Movilidad Sostenible del Concello da Coruña, arts. 20 y 190","BOP A Coruña núm. 185, de 29 de septiembre de 2025. Aprobada definitivamente por el Pleno de 11 de septiembre de 2025",https://www.coruna.gal/descarga/1453902501202/Ordenanza-de-Movilidad-Sostenible-del-Concello-da-Coruna_castellano.pdf,2026-10-05,/zbe/la-coruna/
molina-de-segura,Molina de Segura,True,,00:00:00Z a 23:59:59Z,2025-08-08,pendiente_verificacion,"[{""restriccion"": ""noEntry"", ""negado"": true, ""distintivos_declarados"": [""0"", ""ECO"", ""B""]}]",https://nap.dgt.es/datex2/v3/dgt/zbe/ControledZonePublication/MolinaDeSegura.xml,2026-09-23,"Condiciones por distintivo presentes, pero el NAP las codifica de forma inconsistente entre ayuntamientos. Requiere verificacion manual contra la ordenanza.",,,,,,,,
sevilla-cartuja,Sevilla,True,0|ECO|C|B,07:00:00Z a 18:59:59Z,2024-09-13,oficial,"[{""restriccion"": ""noEntry"", ""negado"": true, ""distintivos_declarados"": [""Sin distintivo""]}]",https://nap.dgt.es/datex2/v3/dgt/zbe/ControledZonePublication/SevillaCartuja.xml,2026-09-23,"Condiciones por distintivo presentes, pero el NAP las codifica de forma inconsistente entre ayuntamientos. Requiere verificacion manual contra la ordenanza.",,"De lunes a viernes no festivos, de 7:00 a 19:00","Resolución 8441/2022, anexo, régimen general","Resolución 8441, de 30 de septiembre de 2022, por la que se aprueba la delimitación de las zonas de bajas emisiones Cartuja Norte y Cartuja Sur y el régimen aplicable","Boletín Oficial de la provincia de Sevilla núm. 245, de 22 de octubre de 2022",https://www.sevilla.org/servicios/movilidad/documentos-pdf-normativa-movilidad/31-extracto-publicacion-bop-no-245-de-22-10-22.pdf,2026-10-04,/zbe/sevilla/
pamplona-ensanche,Pamplona (Ensanche),True,,10:30:00Z a 15:00:00Z; 12:30:00Z a 17:00:00Z,2025-08-20,pendiente_verificacion,"[{""restriccion"": ""noEntry"", ""negado"": true, ""distintivos_declarados"": [""0"", ""ECO"", ""C"", ""B""]}]",https://nap.dgt.es/datex2/v3/dgt/zbe/ControledZonePublication/PamplonaEnsanche.xml,2026-09-23,"Condiciones por distintivo presentes, pero el NAP las codifica de forma inconsistente entre ayuntamientos. Requiere verificacion manual contra la ordenanza.",,,,,,,,
malaga,Málaga,True,0|ECO|C|B,00:00:00Z a 23:59:59Z,2025-08-20,oficial,"[{""restriccion"": ""noEntry"", ""negado"": true, ""distintivos_declarados"": [""0"", ""ECO"", ""C"", ""B"", ""Sin distintivo""]}]",https://nap.dgt.es/datex2/v3/dgt/zbe/ControledZonePublication/Malaga.xml,2026-09-23,"Condiciones por distintivo presentes, pero el NAP las codifica de forma inconsistente entre ayuntamientos. Requiere verificacion manual contra la ordenanza.",,La ordenanza no fija una franja horaria: el control es permanente,,"Comunicado oficial del Área de Movilidad del Ayuntamiento de Málaga, 29 de noviembre de 2025, sobre el segundo año de vigencia de la Ordenanza de Movilidad Sostenible","BOP Málaga, 29 de noviembre de 2024",https://www.malaga.eu/visorcontenido/ANUDocumentDisplayer/178609/COMUNICADO.pdf,2026-09-29,/zbe/malaga/
palma,Palma,True,0|ECO|C|B,00:00:00Z a 23:59:59Z,2025-01-07,oficial,"[{""restriccion"": ""noEntry"", ""negado"": true, ""distintivos_declarados"": [""C"", ""B"", ""Sin distintivo""]}]",https://nap.dgt.es/datex2/v3/dgt/zbe/ControledZonePublication/Palma.xml,2026-09-23,"Condiciones por distintivo presentes, pero el NAP las codifica de forma inconsistente entre ayuntamientos. Requiere verificacion manual contra la ordenanza.",,Continuo: todos los días y a todas horas,"art. 7.1 y anexo 2, apartado 1","Ordenanza municipal reguladora de las zonas de bajas emisiones (ZBE) de Palma, art. 7 y anexo 2","BOIB núm. 167, de 21 de diciembre de 2024",https://www.caib.es/eboibfront/pdf/es/2024/167/1179285,2026-10-04,/zbe/palma/
avila,Ávila,True,,07:00:00Z a 19:59:59Z,2025-08-20,pendiente_verificacion,"[{""restriccion"": ""noEntry"", ""negado"": true, ""distintivos_declarados"": [""Sin distintivo""]}]",https://nap.dgt.es/datex2/v3/dgt/zbe/ControledZonePublication/Avila.xml,2026-09-23,"Condiciones por distintivo presentes, pero el NAP las codifica de forma inconsistente entre ayuntamientos. Requiere verificacion manual contra la ordenanza.",,,,,,,,
salamanca,Salamanca,True,,00:00:00Z a 23:59:59Z,2025-09-22,pendiente_verificacion,"[{""restriccion"": ""noEntry"", ""negado"": true, ""distintivos_declarados"": [""Sin distintivo""]}]",https://nap.dgt.es/datex2/v3/dgt/zbe/ControledZonePublication/Salamanca.xml,2026-09-23,"Condiciones por distintivo presentes, pero el NAP las codifica de forma inconsistente entre ayuntamientos. Requiere verificacion manual contra la ordenanza.",,,,,,,,
torremolinos,Torremolinos,True,,00:00:00Z a 23:59:59Z,2025-08-20,pendiente_verificacion,"[{""restriccion"": ""noEntry"", ""negado"": true, ""distintivos_declarados"": [""B"", ""Sin distintivo""]}]",https://nap.dgt.es/datex2/v3/dgt/zbe/ControledZonePublication/Torremolinos.xml,2026-09-23,"Condiciones por distintivo presentes, pero el NAP las codifica de forma inconsistente entre ayuntamientos. Requiere verificacion manual contra la ordenanza.",,,,,,,,
fuenlabrada,Fuenlabrada,True,,00:00:00Z a 23:59:59Z,2025-02-12,pendiente_verificacion,"[{""restriccion"": ""noEntry"", ""negado"": true, ""distintivos_declarados"": [""Sin distintivo""]}]",https://nap.dgt.es/datex2/v3/dgt/zbe/ControledZonePublication/Fuenlabrada.xml,2026-09-23,"Condiciones por distintivo presentes, pero el NAP las codifica de forma inconsistente entre ayuntamientos. Requiere verificacion manual contra la ordenanza.",,,,,,,,
rondas-de-barcelona,Barcelona,True,0|ECO|C|B,07:00:00Z a 20:00:00Z,2025-02-21,oficial,"[{""restriccion"": ""noEntry"", ""negado"": true, ""distintivos_declarados"": [""Sin distintivo""]}]",https://nap.dgt.es/datex2/v3/dgt/zbe/ControledZonePublication/RondasDeBarcelona.xml,2026-09-23,"Condiciones por distintivo presentes, pero el NAP las codifica de forma inconsistente entre ayuntamientos. Requiere verificacion manual contra la ordenanza.",,"De lunes a viernes laborables, de 7:00 a 20:00",,"Ordenanza por la que se fijan los criterios de acceso, circulación y estacionamiento de vehículos en la Zona de Bajas Emisiones de Barcelona y se promueve una movilidad sin emisiones","BOPB de 21 de febrero de 2023, CVE 202310032045, págs. 1 a 31. Aprobada definitivamente por el Plenario del Consejo Municipal el 27 de enero de 2023 (exp. 22SD0093O)",https://ajuntament.barcelona.cat/hisenda/sites/default/files/normativa/2023-03/ordenanca-fiscal-zbe.pdf?profile=1,2026-09-29,/zbe/barcelona/
viladecans,Viladecans,True,,07:00:00Z a 20:00:00Z,2025-02-21,pendiente_verificacion,"[{""restriccion"": ""noEntry"", ""negado"": true, ""distintivos_declarados"": [""Sin distintivo""]}]",https://nap.dgt.es/datex2/v3/dgt/zbe/ControledZonePublication/Viladecans.xml,2026-09-23,"Condiciones por distintivo presentes, pero el NAP las codifica de forma inconsistente entre ayuntamientos. Requiere verificacion manual contra la ordenanza.",,,,,,,,
sant-joan-despi,Sant Joan Despí,True,,07:00:00Z a 20:00:00Z,2025-02-21,pendiente_verificacion,"[{""restriccion"": ""noEntry"", ""negado"": true, ""distintivos_declarados"": [""Sin distintivo""]}]",https://nap.dgt.es/datex2/v3/dgt/zbe/ControledZonePublication/SantJoanDespi.xml,2026-09-23,"Condiciones por distintivo presentes, pero el NAP las codifica de forma inconsistente entre ayuntamientos. Requiere verificacion manual contra la ordenanza.",,,,,,,,
gava,Gavà,True,,07:00:00Z a 20:00:00Z,2025-02-21,pendiente_verificacion,"[{""restriccion"": ""noEntry"", ""negado"": true, ""distintivos_declarados"": [""Sin distintivo""]}]",https://nap.dgt.es/datex2/v3/dgt/zbe/ControledZonePublication/Gava.xml,2026-09-23,"Condiciones por distintivo presentes, pero el NAP las codifica de forma inconsistente entre ayuntamientos. Requiere verificacion manual contra la ordenanza.",,,,,,,,
castellon,Castellón,True,,00:00:00Z a 23:59:59Z,2025-02-25,pendiente_verificacion,"[{""restriccion"": ""noEntry"", ""negado"": true, ""distintivos_declarados"": [""0"", ""ECO"", ""C"", ""B"", ""Sin distintivo""]}]",https://nap.dgt.es/datex2/v3/dgt/zbe/ControledZonePublication/Castellon.xml,2026-09-23,"Condiciones por distintivo presentes, pero el NAP las codifica de forma inconsistente entre ayuntamientos. Requiere verificacion manual contra la ordenanza.",,,,,,,,
granollers,Granollers,True,,07:00:00Z a 20:00:00Z,2025-03-03,pendiente_verificacion,"[{""restriccion"": ""noEntry"", ""negado"": true, ""distintivos_declarados"": [""Sin distintivo""]}]",https://nap.dgt.es/datex2/v3/dgt/zbe/ControledZonePublication/Granollers.xml,2026-09-23,"Condiciones por distintivo presentes, pero el NAP las codifica de forma inconsistente entre ayuntamientos. Requiere verificacion manual contra la ordenanza.",,,,,,,,
valladolid,Valladolid,True,0|ECO|C|B,00:00:00Z a 23:59:59Z,2025-03-04,oficial,"[{""restriccion"": ""noEntry"", ""negado"": true, ""distintivos_declarados"": [""Sin distintivo""]}]",https://nap.dgt.es/datex2/v3/dgt/zbe/ControledZonePublication/Valladolid.xml,2026-09-23,"Condiciones por distintivo presentes, pero el NAP las codifica de forma inconsistente entre ayuntamientos. Requiere verificacion manual contra la ordenanza.",,La ordenanza no fija una franja horaria general para la ZBE,,"Ordenanza Reguladora de la Zona de Bajas Emisiones del municipio de Valladolid, art. 10 y disposición transitoria única","BOP Valladolid núm. 223, de 19 de noviembre de 2024",https://www.valladolid.es/es/ayuntamiento/normativa/ordenanza-regula-zona-bajas-emisiones-municipio-valladolid.ficheros/1033706-ORDENANZA%20ZBE.pdf,2026-09-29,/zbe/valladolid/
donostia-san-sebastian,San Sebastián / Donostia,True,,00:00:00Z a 23:59:59Z,2025-03-25,pendiente_verificacion,"[{""restriccion"": ""noEntry"", ""negado"": true, ""distintivos_declarados"": [""Sin distintivo""]}]",https://nap.dgt.es/datex2/v3/dgt/zbe/ControledZonePublication/Donostia-SanSebastian.xml,2026-09-23,"Condiciones por distintivo presentes, pero el NAP las codifica de forma inconsistente entre ayuntamientos. Requiere verificacion manual contra la ordenanza.",,,,,,,,
granada,Granada,True,0|ECO|C|B,00:00:00Z a 23:59:59Z,2025-09-22,oficial,"[{""restriccion"": ""noEntry"", ""negado"": true, ""distintivos_declarados"": [""Sin distintivo""]}]",https://nap.dgt.es/datex2/v3/dgt/zbe/ControledZonePublication/Granada.xml,2026-09-23,"Condiciones por distintivo presentes, pero el NAP las codifica de forma inconsistente entre ayuntamientos. Requiere verificacion manual contra la ordenanza.",,La ordenanza no fija una franja horaria general para la ZBE,,"Ordenanza Integral de Movilidad Sostenible de Granada, arts. 130 a 138 y anexo V","BOP Granada núm. 86, de 9 de mayo de 2025 (CVE BOP-GRA-2025-086014). Aprobación definitiva del proyecto de ZBE: BOP núm. 178, de 18 de septiembre de 2025",https://www.granada.org/v2010.nsf/xxtod/25ZBE?open=&pag=ini06,2026-09-29,/zbe/granada/
el-prat-de-llobregat,El Prat de Llobregat,True,,07:00:00Z a 20:00:00Z,2025-04-21,pendiente_verificacion,"[{""restriccion"": ""noEntry"", ""negado"": true, ""distintivos_declarados"": [""Sin distintivo""]}]",https://nap.dgt.es/datex2/v3/dgt/zbe/ControledZonePublication/ElPratDeLlobregat.xml,2026-09-23,"Condiciones por distintivo presentes, pero el NAP las codifica de forma inconsistente entre ayuntamientos. Requiere verificacion manual contra la ordenanza.",,,,,,,,
las-rozas,Las Rozas,True,,00:00:00Z a 23:59:59Z,2025-04-24,pendiente_verificacion,[],https://nap.dgt.es/datex2/v3/dgt/zbe/ControledZonePublication/LasRozas.xml,2026-09-23,El fichero no declara condiciones por distintivo ambiental.,,,,,,,,
cerdanyola-del-valles,Cerdanyola del Vallès,True,,07:00:00Z a 20:00:00Z,2025-05-05,pendiente_verificacion,"[{""restriccion"": ""noEntry"", ""negado"": true, ""distintivos_declarados"": [""Sin distintivo""]}]",https://nap.dgt.es/datex2/v3/dgt/zbe/ControledZonePublication/CerdanyolaDelValles.xml,2026-09-23,"Condiciones por distintivo presentes, pero el NAP las codifica de forma inconsistente entre ayuntamientos. Requiere verificacion manual contra la ordenanza.",,,,,,,,
sant-boi-de-llobregat,Sant Boi de Llobregat,True,,07:00:00Z a 20:00:00Z,2025-05-05,pendiente_verificacion,"[{""restriccion"": ""noEntry"", ""negado"": true, ""distintivos_declarados"": [""Sin distintivo""]}]",https://nap.dgt.es/datex2/v3/dgt/zbe/ControledZonePublication/SantBoiDeLlobregat.xml,2026-09-23,"Condiciones por distintivo presentes, pero el NAP las codifica de forma inconsistente entre ayuntamientos. Requiere verificacion manual contra la ordenanza.",,,,,,,,
sant-cugat-del-valles,Sant Cugat del Vallès,True,,07:00:00Z a 20:00:00Z,2025-06-05,pendiente_verificacion,"[{""restriccion"": ""noEntry"", ""negado"": true, ""distintivos_declarados"": [""Sin distintivo""]}]",https://nap.dgt.es/datex2/v3/dgt/zbe/ControledZonePublication/SantCugatDelValles.xml,2026-09-23,"Condiciones por distintivo presentes, pero el NAP las codifica de forma inconsistente entre ayuntamientos. Requiere verificacion manual contra la ordenanza.",,,,,,,,
madrid,Madrid,True,,00:00:00Z a 23:59:59Z,2025-06-05,oficial,"[{""restriccion"": ""noEntry"", ""negado"": true, ""distintivos_declarados"": [""Sin distintivo""]}, {""restriccion"": ""noEntry"", ""negado"": true, ""distintivos_declarados"": [""Sin distintivo""]}, {""restriccion"": ""noEntry"", ""negado"": true, ""distintivos_declarados"": [""C"", ""B"", ""Sin distintivo""]}]",https://nap.dgt.es/datex2/v3/dgt/zbe/ControledZonePublication/Madrid.xml,2026-09-23,"Condiciones por distintivo presentes, pero el NAP las codifica de forma inconsistente entre ayuntamientos. Requiere verificacion manual contra la ordenanza.","[{""nombre"": ""ZBEDEP Distrito Centro"", ""etiquetas_permitidas"": [""0"", ""ECO"", ""C con condiciones"", ""B con condiciones""], ""horario_restriccion"": ""permanente, con horarios propios para industriales y motos"", ""articulo"": ""art. 23 y anexo III""}, {""nombre"": ""ZBEDEP Plaza Elíptica"", ""etiquetas_permitidas"": [""0"", ""ECO"", ""C"", ""B""], ""horario_restriccion"": ""permanente"", ""articulo"": ""art. 24 y anexo IV""}]",,,"Ordenanza 2/2026, de 24 de marzo, que modifica la Ordenanza de Movilidad Sostenible de 5 de octubre de 2018","BOCM núm. 80, de 6 de abril de 2026, págs. 129-219",https://www.bocm.es/boletin/CM_Orden_BOCM/2026/04/06/BOCM-20260406-32.PDF,2026-10-01,/zbe/madrid/
cartagena,Cartagena,True,,00:00:00Z a 23:59:59Z,2025-09-22,pendiente_verificacion,"[{""restriccion"": ""noEntry"", ""negado"": true, ""distintivos_declarados"": [""0""]}, {""restriccion"": ""noEntry"", ""negado"": true, ""distintivos_declarados"": [""0"", ""ECO"", ""C"", ""B"", ""Sin distintivo""]}]",https://nap.dgt.es/datex2/v3/dgt/zbe/ControledZonePublication/Cartagena.xml,2026-09-23,"Condiciones por distintivo presentes, pero el NAP las codifica de forma inconsistente entre ayuntamientos. Requiere verificacion manual contra la ordenanza.",,,,,,,,
benidorm,Benidorm,True,,00:00:00Z a 23:59:59Z,2025-07-22,pendiente_verificacion,"[{""restriccion"": ""noEntry"", ""negado"": true, ""distintivos_declarados"": [""Sin distintivo""]}]",https://nap.dgt.es/datex2/v3/dgt/zbe/ControledZonePublication/Benidorm.xml,2026-09-23,"Condiciones por distintivo presentes, pero el NAP las codifica de forma inconsistente entre ayuntamientos. Requiere verificacion manual contra la ordenanza.",,,,,,,,
pontevedra,Pontevedra,True,,00:00:00Z a 23:59:59Z,2025-08-13,pendiente_verificacion,"[{""restriccion"": ""noEntry"", ""negado"": true, ""distintivos_declarados"": [""0"", ""ECO"", ""C"", ""B"", ""Sin distintivo""]}]",https://nap.dgt.es/datex2/v3/dgt/zbe/ControledZonePublication/Pontevedra.xml,2026-09-23,"Condiciones por distintivo presentes, pero el NAP las codifica de forma inconsistente entre ayuntamientos. Requiere verificacion manual contra la ordenanza.",,,,,,,,
bilbao,Bilbao,True,0|ECO|C,07:00:00Z a 20:00:00Z,2025-09-30,oficial,"[{""restriccion"": ""noEntry"", ""negado"": true, ""distintivos_declarados"": [""0"", ""ECO"", ""C"", ""B"", ""Sin distintivo""]}]",https://nap.dgt.es/datex2/v3/dgt/zbe/ControledZonePublication/Bilbao.xml,2026-09-23,"Condiciones por distintivo presentes, pero el NAP las codifica de forma inconsistente entre ayuntamientos. Requiere verificacion manual contra la ordenanza.",,"De lunes a viernes laborables, de 7:00 a 20:00",,"Ayuntamiento de Bilbao, condiciones generales de acceso a la Zona de Bajas Emisiones",,https://www.bilbao.eus/cs/Satellite?c=Page&cid=1279235265919&language=es&pageid=1279235265919&pagename=Bilbaonet/Page/BIO_contenidoFinal,2026-09-28,/zbe/bilbao/
vitoria-gasteiz,Vitoria-Gasteiz,True,0|ECO|C|B,00:00:00Z a 23:59:59Z,2025-10-01,oficial,"[{""restriccion"": ""noEntry"", ""negado"": true, ""distintivos_declarados"": [""Sin distintivo""]}]",https://nap.dgt.es/datex2/v3/dgt/zbe/ControledZonePublication/VitoriaGasteiz.xml,2026-09-23,"Condiciones por distintivo presentes, pero el NAP las codifica de forma inconsistente entre ayuntamientos. Requiere verificacion manual contra la ordenanza.",,Permanente. La ordenanza no fija franja horaria para la ZBE,art. 10.1 y disposición transitoria,"Ordenanza relativa a la implantación de una Zona de Bajas Emisiones (ZBE) en la ciudad de Vitoria-Gasteiz, art. 10 y disposición transitoria","BOTHA núm. 48, de 2 de mayo de 2025. Aprobación definitiva por el Pleno de 21 de marzo de 2025",https://www.araba.eus/botha/Boletines/pdfni/2025/048/2025_048_01277_C.pdf,2026-10-05,/zbe/vitoria-gasteiz/
dos-hermanas,Dos Hermanas,True,,07:30:00Z a 20:00:00Z,2025-10-08,pendiente_verificacion,"[{""restriccion"": ""noEntry"", ""negado"": true, ""distintivos_declarados"": [""0""]}]",https://nap.dgt.es/datex2/v3/dgt/zbe/ControledZonePublication/DosHermanas.xml,2026-09-23,"Condiciones por distintivo presentes, pero el NAP las codifica de forma inconsistente entre ayuntamientos. Requiere verificacion manual contra la ordenanza.",,,,,,,,
sabadell,Sabadell,True,,07:00:00Z a 20:00:00Z,2025-11-12,pendiente_verificacion,"[{""restriccion"": ""noEntry"", ""negado"": true, ""distintivos_declarados"": [""Sin distintivo""]}]",https://nap.dgt.es/datex2/v3/dgt/zbe/ControledZonePublication/Sabadell.xml,2026-09-23,"Condiciones por distintivo presentes, pero el NAP las codifica de forma inconsistente entre ayuntamientos. Requiere verificacion manual contra la ordenanza.",,,,,,,,
oviedo,Oviedo,True,,00:00:00Z a 23:59:59Z,2025-11-19,pendiente_verificacion,"[{""restriccion"": ""noEntry"", ""negado"": true, ""distintivos_declarados"": [""Sin distintivo""]}]",https://nap.dgt.es/datex2/v3/dgt/zbe/ControledZonePublication/Oviedo.xml,2026-09-23,"Condiciones por distintivo presentes, pero el NAP las codifica de forma inconsistente entre ayuntamientos. Requiere verificacion manual contra la ordenanza.",,,,,,,,
alcala-de-henares,Alcalá de Henares,True,,00:00:00Z a 23:59:59Z,2025-12-02,pendiente_verificacion,"[{""restriccion"": ""noEntry"", ""negado"": true, ""distintivos_declarados"": [""0"", ""ECO"", ""C"", ""B""]}]",https://nap.dgt.es/datex2/v3/dgt/zbe/ControledZonePublication/AlcalaDeHenares.xml,2026-09-23,"Condiciones por distintivo presentes, pero el NAP las codifica de forma inconsistente entre ayuntamientos. Requiere verificacion manual contra la ordenanza.",,,,,,,,
motril,Motril,True,,00:00:00Z a 23:59:59Z,2025-12-02,pendiente_verificacion,"[{""restriccion"": ""noEntry"", ""negado"": true, ""distintivos_declarados"": [""0"", ""ECO""]}]",https://nap.dgt.es/datex2/v3/dgt/zbe/ControledZonePublication/Motril.xml,2026-09-23,"Condiciones por distintivo presentes, pero el NAP las codifica de forma inconsistente entre ayuntamientos. Requiere verificacion manual contra la ordenanza.",,,,,,,,
lleida,Lérida / Lleida,True,,07:00:00Z a 20:00:00Z; 00:00:00Z a 00:00:00Z,2025-12-11,pendiente_verificacion,"[{""restriccion"": ""noEntry"", ""negado"": true, ""distintivos_declarados"": [""Sin distintivo""]}, {""restriccion"": ""noEntry"", ""negado"": true, ""distintivos_declarados"": [""Sin distintivo""]}]",https://nap.dgt.es/datex2/v3/dgt/zbe/ControledZonePublication/Lleida.xml,2026-09-23,"Condiciones por distintivo presentes, pero el NAP las codifica de forma inconsistente entre ayuntamientos. Requiere verificacion manual contra la ordenanza.",,,,,,,,
reus,Reus,True,,07:00:00Z a 19:00:00Z,2025-12-22,pendiente_verificacion,"[{""restriccion"": ""noEntry"", ""negado"": true, ""distintivos_declarados"": [""Sin distintivo""]}]",https://nap.dgt.es/datex2/v3/dgt/zbe/ControledZonePublication/Reus.xml,2026-09-23,"Condiciones por distintivo presentes, pero el NAP las codifica de forma inconsistente entre ayuntamientos. Requiere verificacion manual contra la ordenanza.",,,,,,,,
manlleu,Manlleu,True,,00:00:00Z a 23:59:00Z,2026-01-19,pendiente_verificacion,"[{""restriccion"": ""noEntry"", ""negado"": true, ""distintivos_declarados"": [""C"", ""B"", ""Sin distintivo""]}]",https://nap.dgt.es/datex2/v3/dgt/zbe/ControledZonePublication/Manlleu.xml,2026-09-23,"Condiciones por distintivo presentes, pero el NAP las codifica de forma inconsistente entre ayuntamientos. Requiere verificacion manual contra la ordenanza.",,,,,,,,
mataro,Mataró,True,,07:00:00Z a 20:00:00Z,2026-01-20,pendiente_verificacion,"[{""restriccion"": ""noEntry"", ""negado"": true, ""distintivos_declarados"": [""Sin distintivo""]}]",https://nap.dgt.es/datex2/v3/dgt/zbe/ControledZonePublication/Mataro.xml,2026-09-23,"Condiciones por distintivo presentes, pero el NAP las codifica de forma inconsistente entre ayuntamientos. Requiere verificacion manual contra la ordenanza.",,,,,,,,
rubi,Rubí,True,,07:00:00Z a 20:00:00Z,2026-01-19,pendiente_verificacion,"[{""restriccion"": ""noEntry"", ""negado"": true, ""distintivos_declarados"": [""Sin distintivo""]}]",https://nap.dgt.es/datex2/v3/dgt/zbe/ControledZonePublication/Rubi.xml,2026-09-23,"Condiciones por distintivo presentes, pero el NAP las codifica de forma inconsistente entre ayuntamientos. Requiere verificacion manual contra la ordenanza.",,,,,,,,
tarragona,Tarragona,True,,07:00:00Z a 19:00:00Z,2026-01-20,pendiente_verificacion,"[{""restriccion"": ""noEntry"", ""negado"": true, ""distintivos_declarados"": [""Sin distintivo""]}]",https://nap.dgt.es/datex2/v3/dgt/zbe/ControledZonePublication/Tarragona.xml,2026-09-23,"Condiciones por distintivo presentes, pero el NAP las codifica de forma inconsistente entre ayuntamientos. Requiere verificacion manual contra la ordenanza.",,,,,,,,
terrassa,Terrassa,True,,07:00:00Z a 20:00:00Z,2026-01-19,pendiente_verificacion,"[{""restriccion"": ""noEntry"", ""negado"": true, ""distintivos_declarados"": [""Sin distintivo""]}]",https://nap.dgt.es/datex2/v3/dgt/zbe/ControledZonePublication/Terrasa.xml,2026-09-23,"Condiciones por distintivo presentes, pero el NAP las codifica de forma inconsistente entre ayuntamientos. Requiere verificacion manual contra la ordenanza.",,,,,,,,
girona,Gerona / Girona,True,,07:00:00Z a 20:00:00Z,2026-01-20,pendiente_verificacion,"[{""restriccion"": ""noEntry"", ""negado"": true, ""distintivos_declarados"": [""Sin distintivo""]}]",https://nap.dgt.es/datex2/v3/dgt/zbe/ControledZonePublication/Girona.xml,2026-09-23,"Condiciones por distintivo presentes, pero el NAP las codifica de forma inconsistente entre ayuntamientos. Requiere verificacion manual contra la ordenanza.",,,,,,,,
alicante,Alicante,True,0|ECO|C|B,00:00:00Z a 23:59:59Z,2026-02-13,oficial,"[{""restriccion"": ""noEntry"", ""negado"": true, ""distintivos_declarados"": [""Sin distintivo""]}]",https://nap.dgt.es/datex2/v3/dgt/zbe/ControledZonePublication/Alicante.xml,2026-09-23,"Condiciones por distintivo presentes, pero el NAP las codifica de forma inconsistente entre ayuntamientos. Requiere verificacion manual contra la ordenanza.",,Permanente: la ordenanza no fija franja horaria y declara la ZBE de vigencia permanente,"art. 9.1 y anexo 2, apartado 1","Ordenanza reguladora de la Zona de Bajas Emisiones de Alicante, arts. 9 y 17 y anexo 2","BOP Alicante núm. 5, de 9 de enero de 2025",https://www.alicante.es/sites/default/files/documentos/202501/ordenanza-zbe-alicante.pdf,2026-10-04,/zbe/alicante/
valencia,Valencia,True,,00:00:00Z a 23:59:59Z,2026-07-30,oficial,"[{""restriccion"": ""noEntry"", ""negado"": true, ""distintivos_declarados"": [""Sin distintivo""]}]",https://nap.dgt.es/datex2/v3/dgt/zbe/ControledZonePublication/Valencia.xml,2026-09-23,"Condiciones por distintivo presentes, pero el NAP las codifica de forma inconsistente entre ayuntamientos. Requiere verificacion manual contra la ordenanza.",,,,"Ordenanza Reguladora de la Zona de Bajas Emisiones de la ciudad de Valencia, aprobada inicialmente por el Pleno el 25 de febrero de 2025",,https://www.valencia.es/cas/pagina-de-categoria/-/asset_publisher/JzpZn9jBadjS/content/zona-bajas-emisiones,2026-09-28,/zbe/valencia/
